tag_id,ring_number,scientific_name,manufacturer,model,firmware,weight,attachment_type,readout_method,tag_comments
30VH,NA238586,Upupa epops,Swiss Ornithological Institute,GDL3pam_V2.4,GDL3pam_V2.6.1-RC1,1.8,NA,NA,NA
30VI_1,NA251225,Upupa epops,Swiss Ornithological Institute,GDL3pam_V2.4,GDL3pam_V2.6.1-RC1,NA,NA,NA,NA
30VI_2,NA251225,Upupa epops,Swiss Ornithological Institute,GDL3pam_V2.4,GDL3pam_V2.6.1-RC1,NA,NA,NA,NA
30VJ,NA251209,Upupa epops,Swiss Ornithological Institute,GDL3pam_V2.4,GDL3pam_V2.6.1-RC1,1.74,NA,NA,NA
30VK,NA238600,Upupa epops,Swiss Ornithological Institute,GDL3pam_V2.4,GDL3pam_V2.6.1-RC1,1.65,NA,NA,NA
30VL,NA238512,Upupa epops,Swiss Ornithological Institute,GDL3pam_V2.4,GDL3pam_V2.6.1-RC1,1.69,NA,NA,NA
30WG,NA238585,Upupa epops,Swiss Ornithological Institute,GDL3pam_V2.4,GDL3pam_V2.6.1-RC1,1.65,NA,NA,NA
30WI,NA238538,Upupa epops,Swiss Ornithological Institute,GDL3pam_V2.4,GDL3pam_V2.6.1-RC1,1.71,NA,NA,NA
30WJ,NA238584,Upupa epops,Swiss Ornithological Institute,GDL3pam_V2.4,GDL3pam_V2.6.1-RC1,1.68,NA,NA,NA
30XJ,NA238537,Upupa epops,Swiss Ornithological Institute,GDL3pam_V2.4,GDL3pam_V2.6.1-RC1,1.72,NA,NA,NA
30YB,30YB,Upupa epops,Swiss Ornithological Institute,GDL3pam_V2.4,GDL3pam_V2.6.1-RC1,NA,NA,NA,NA
30YC,NA238581,Upupa epops,Swiss Ornithological Institute,GDL3pam_V2.4,GDL3pam_V2.6.1-RC1,1.74,NA,NA,NA
32QL,NA251256,Upupa epops,Swiss Ornithological Institute,GDL3pam_V2.4,GDL3pam_V2.6.0-RC1,1.7,NA,NA,NA
32QO,NA251257,Upupa epops,Swiss Ornithological Institute,GDL3pam_V2.4,GDL3pam_V2.6.0-RC1,1.7,NA,NA,NA
32RC,NA238520,Upupa epops,Swiss Ornithological Institute,GDL3pam_V2.4,GDL3pam_V2.6.0-RC1,1.55,NA,NA,NA
32RG,NA251255,Upupa epops,Swiss Ornithological Institute,GDL3pam_V2.4,GDL3pam_V2.6.0-RC1,1.73,NA,NA,NA
34AQ,NA251259,Upupa epops,Swiss Ornithological Institute,GDL3pam_V2.4,GDL3pam_V2.6.0-RC1,NA,NA,NA,NA
34AR,NA251258,Upupa epops,Swiss Ornithological Institute,GDL3pam_V2.4,GDL3pam_V2.6.0-RC1,1.7,NA,NA,NA
34BK,NA251254,Upupa epops,Swiss Ornithological Institute,GDL3pam_V2.4,GDL3pam_V2.6.0-RC1,NA,NA,NA,NA
34BL,NA251266,Upupa epops,Swiss Ornithological Institute,GDL3pam_V2.4,GDL3pam_V2.6.0-RC1,1.78,NA,NA,NA
34BM,NA251267,Upupa epops,Swiss Ornithological Institute,GDL3pam_V2.4,GDL3pam_V2.6.0-RC1,NA,NA,NA,NA
34BN,NA073791,Upupa epops,Swiss Ornithological Institute,GDL3pam_V2.4,GDL3pam_V2.6.0-RC1,1.75,NA,NA,NA
34IC,NA040145,Upupa epops,Swiss Ornithological Institute,GDL3pam_V2.4,NA,NA,NA,NA,NA
34IV,NA040144,Upupa epops,Swiss Ornithological Institute,GDL3pam_V2.4,NA,NA,NA,NA,NA
34IW,NA040146,Upupa epops,Swiss Ornithological Institute,GDL3pam_V2.4,NA,NA,NA,NA,NA
34IY,NA040149,Upupa epops,Swiss Ornithological Institute,GDL3pam_V2.4,NA,NA,NA,NA,NA
34JH,NA040143,Upupa epops,Swiss Ornithological Institute,GDL3pam_V2.4,NA,NA,NA,NA,NA
34JL,NA040142,Upupa epops,Swiss Ornithological Institute,GDL3pam_V2.4,NA,NA,NA,NA,NA
34JV,NA040118,Upupa epops,Swiss Ornithological Institute,GDL3pam_V2.4,NA,NA,NA,NA,NA
34JY,NA251265,Upupa epops,Swiss Ornithological Institute,GDL3pam_V2.4,NA,NA,NA,NA,NA
34KB,NA040141,Upupa epops,Swiss Ornithological Institute,GDL3pam_V2.4,GDL3pam_V2.6.1-RC1,NA,NA,NA,NA
