"series","timestamp","value","label"
"Rise","2023-07-01T02:10:00Z",130,""
"Set","2023-07-01T19:55:00Z",1195,""
"Rise","2023-07-02T02:05:00Z",125,""
"Set","2023-07-02T20:05:00Z",1205,""
"Rise","2023-07-03T01:55:00Z",115,""
"Set","2023-07-03T20:00:00Z",1200,""
"Rise","2023-07-04T02:40:00Z",160,"discard"
"Set","2023-07-04T20:10:00Z",1210,""
"Rise","2023-07-05T02:00:00Z",120,""
"Set","2023-07-05T20:10:00Z",1210,""
"Rise","2023-07-06T01:50:00Z",110,""
"Set","2023-07-06T19:55:00Z",1195,""
"Rise","2023-07-07T01:50:00Z",110,""
"Set","2023-07-07T20:10:00Z",1210,""
"Rise","2023-07-08T02:05:00Z",125,""
"Set","2023-07-08T20:10:00Z",1210,""
"Rise","2023-07-09T02:00:00Z",120,""
"Set","2023-07-09T20:00:00Z",1200,""
"Rise","2023-07-10T02:10:00Z",130,""
"Set","2023-07-10T20:10:00Z",1210,""
"Rise","2023-07-11T02:05:00Z",125,""
"Set","2023-07-11T20:15:00Z",1215,""
"Rise","2023-07-12T02:20:00Z",140,""
"Set","2023-07-12T20:00:00Z",1200,""
"Rise","2023-07-13T02:20:00Z",140,""
"Set","2023-07-13T20:00:00Z",1200,""
"Rise","2023-07-14T02:10:00Z",130,""
"Set","2023-07-14T19:55:00Z",1195,""
"Rise","2023-07-15T02:25:00Z",145,""
"Set","2023-07-15T19:50:00Z",1190,""
"Rise","2023-07-16T02:35:00Z",155,""
"Set","2023-07-16T19:55:00Z",1195,""
"Rise","2023-07-17T02:20:00Z",140,""
"Set","2023-07-17T19:45:00Z",1185,""
"Rise","2023-07-18T02:20:00Z",140,""
"Set","2023-07-18T19:50:00Z",1190,""
"Rise","2023-07-19T02:35:00Z",155,""
"Set","2023-07-19T19:45:00Z",1185,""
"Rise","2023-07-20T02:40:00Z",160,""
"Set","2023-07-20T19:45:00Z",1185,""
"Rise","2023-07-21T02:25:00Z",145,""
"Set","2023-07-21T19:30:00Z",1170,""
"Rise","2023-07-22T03:00:00Z",180,""
"Set","2023-07-22T19:25:00Z",1165,""
"Rise","2023-07-23T02:50:00Z",170,""
"Set","2023-07-23T19:35:00Z",1175,""
"Rise","2023-07-24T02:50:00Z",170,""
"Set","2023-07-24T19:35:00Z",1175,""
"Rise","2023-07-25T02:50:00Z",170,""
"Set","2023-07-25T19:40:00Z",1180,""
"Rise","2023-07-26T02:40:00Z",160,""
"Set","2023-07-26T19:40:00Z",1180,""
"Rise","2023-07-27T02:30:00Z",150,""
"Set","2023-07-27T19:25:00Z",1165,""
"Rise","2023-07-28T03:00:00Z",180,""
"Set","2023-07-28T19:25:00Z",1165,""
"Rise","2023-07-29T02:55:00Z",175,""
"Set","2023-07-29T19:25:00Z",1165,""
"Rise","2023-07-30T03:00:00Z",180,""
"Set","2023-07-30T19:20:00Z",1160,""
"Rise","2023-07-31T03:25:00Z",205,"discard"
"Set","2023-07-31T19:15:00Z",1155,""
"Rise","2023-08-01T03:10:00Z",190,""
"Set","2023-08-01T19:30:00Z",1170,""
"Rise","2023-08-02T03:05:00Z",185,""
"Set","2023-08-02T19:25:00Z",1165,""
"Rise","2023-08-03T03:05:00Z",185,""
"Set","2023-08-03T19:35:00Z",1175,"discard"
"Rise","2023-08-04T03:00:00Z",180,""
"Set","2023-08-04T19:35:00Z",1175,"discard"
"Rise","2023-08-05T03:05:00Z",185,""
"Set","2023-08-05T19:15:00Z",1155,""
"Rise","2023-08-06T03:20:00Z",200,"discard"
"Set","2023-08-06T19:05:00Z",1145,""
"Rise","2023-08-07T03:10:00Z",190,""
"Set","2023-08-07T19:15:00Z",1155,""
"Rise","2023-08-08T03:10:00Z",190,""
"Set","2023-08-08T19:10:00Z",1150,""
"Rise","2023-08-09T03:30:00Z",210,""
"Set","2023-08-09T19:10:00Z",1150,""
"Rise","2023-08-10T03:35:00Z",215,""
"Set","2023-08-10T19:10:00Z",1150,""
"Rise","2023-08-11T03:45:00Z",225,""
"Set","2023-08-11T19:20:00Z",1160,""
"Rise","2023-08-12T04:00:00Z",240,""
"Set","2023-08-12T19:10:00Z",1150,""
"Rise","2023-08-13T03:50:00Z",230,""
"Set","2023-08-13T19:15:00Z",1155,""
"Rise","2023-08-14T03:50:00Z",230,""
"Set","2023-08-14T19:10:00Z",1150,""
"Rise","2023-08-15T04:00:00Z",240,""
"Set","2023-08-15T19:15:00Z",1155,""
"Rise","2023-08-16T04:05:00Z",245,""
"Set","2023-08-16T19:10:00Z",1150,""
"Rise","2023-08-17T04:10:00Z",250,"discard"
"Set","2023-08-17T19:05:00Z",1145,""
"Rise","2023-08-18T03:55:00Z",235,""
"Set","2023-08-18T19:10:00Z",1150,""
"Rise","2023-08-19T03:55:00Z",235,""
"Set","2023-08-19T19:05:00Z",1145,""
"Rise","2023-08-20T03:55:00Z",235,""
"Set","2023-08-20T19:15:00Z",1155,""
"Rise","2023-08-21T03:50:00Z",230,""
"Set","2023-08-21T19:10:00Z",1150,""
"Rise","2023-08-22T04:00:00Z",240,""
"Set","2023-08-22T19:10:00Z",1150,""
"Rise","2023-08-23T04:00:00Z",240,""
"Set","2023-08-23T18:55:00Z",1135,""
"Rise","2023-08-24T04:10:00Z",250,""
"Set","2023-08-24T19:05:00Z",1145,""
"Rise","2023-08-25T04:00:00Z",240,""
"Set","2023-08-25T18:40:00Z",1120,""
"Rise","2023-08-26T04:30:00Z",270,"discard"
"Set","2023-08-26T18:50:00Z",1130,""
"Rise","2023-08-27T04:05:00Z",245,""
"Set","2023-08-27T18:45:00Z",1125,""
"Rise","2023-08-28T04:10:00Z",250,""
"Set","2023-08-28T18:45:00Z",1125,""
"Rise","2023-08-29T04:15:00Z",255,"discard"
"Set","2023-08-29T18:40:00Z",1120,""
"Rise","2023-08-30T04:35:00Z",275,"discard"
"Set","2023-08-30T18:50:00Z",1130,""
"Rise","2023-08-31T04:45:00Z",285,""
"Set","2023-08-31T18:50:00Z",1130,""
"Rise","2023-09-01T04:45:00Z",285,"discard"
"Set","2023-09-01T18:55:00Z",1135,""
"Rise","2023-09-02T05:05:00Z",305,""
"Set","2023-09-02T18:50:00Z",1130,""
"Rise","2023-09-03T05:40:00Z",340,""
"Set","2023-09-03T19:00:00Z",1140,""
"Rise","2023-09-04T05:40:00Z",340,"discard"
"Set","2023-09-04T19:10:00Z",1150,""
"Rise","2023-09-05T05:20:00Z",320,""
"Set","2023-09-05T19:05:00Z",1145,""
"Rise","2023-09-06T05:20:00Z",320,""
"Set","2023-09-06T19:05:00Z",1145,""
"Rise","2023-09-07T05:25:00Z",325,""
"Set","2023-09-07T19:00:00Z",1140,""
"Rise","2023-09-08T05:20:00Z",320,""
"Set","2023-09-08T19:05:00Z",1145,""
"Rise","2023-09-09T05:25:00Z",325,""
"Set","2023-09-09T19:00:00Z",1140,""
"Rise","2023-09-10T05:25:00Z",325,""
"Set","2023-09-10T18:55:00Z",1135,""
"Rise","2023-09-11T05:25:00Z",325,""
"Set","2023-09-11T19:00:00Z",1140,""
"Rise","2023-09-12T05:40:00Z",340,""
"Set","2023-09-12T19:00:00Z",1140,""
"Rise","2023-09-13T05:45:00Z",345,""
"Set","2023-09-13T19:05:00Z",1145,""
"Rise","2023-09-14T06:05:00Z",365,""
"Set","2023-09-14T19:05:00Z",1145,""
"Rise","2023-09-15T05:50:00Z",350,"discard"
"Set","2023-09-15T18:55:00Z",1135,""
"Rise","2023-09-16T05:45:00Z",345,"discard"
"Set","2023-09-16T18:35:00Z",1115,"discard"
"Rise","2023-09-17T05:50:00Z",350,"discard"
"Set","2023-09-17T18:40:00Z",1120,"discard"
"Rise","2023-09-18T05:55:00Z",355,"discard"
"Set","2023-09-18T18:40:00Z",1120,"discard"
"Rise","2023-09-19T05:45:00Z",345,"discard"
"Set","2023-09-19T18:45:00Z",1125,"discard"
"Rise","2023-09-20T05:50:00Z",350,"discard"
"Set","2023-09-20T18:45:00Z",1125,"discard"
"Rise","2023-09-21T05:50:00Z",350,"discard"
"Set","2023-09-21T18:45:00Z",1125,"discard"
"Rise","2023-09-22T06:05:00Z",365,""
"Set","2023-09-22T18:50:00Z",1130,"discard"
"Rise","2023-09-23T06:00:00Z",360,""
"Set","2023-09-23T18:50:00Z",1130,""
"Rise","2023-09-24T06:00:00Z",360,""
"Set","2023-09-24T18:50:00Z",1130,""
"Rise","2023-09-25T06:00:00Z",360,""
"Set","2023-09-25T18:55:00Z",1135,""
"Rise","2023-09-26T06:05:00Z",365,""
"Set","2023-09-26T18:50:00Z",1130,""
"Rise","2023-09-27T06:05:00Z",365,""
"Set","2023-09-27T18:35:00Z",1115,"discard"
"Rise","2023-09-28T06:10:00Z",370,"discard"
"Set","2023-09-28T18:45:00Z",1125,""
"Rise","2023-09-29T06:05:00Z",365,"discard"
"Set","2023-09-29T18:50:00Z",1130,""
"Rise","2023-09-30T06:10:00Z",370,"discard"
"Set","2023-09-30T18:45:00Z",1125,""
"Rise","2023-10-01T06:05:00Z",365,""
"Set","2023-10-01T18:45:00Z",1125,""
"Rise","2023-10-02T06:05:00Z",365,""
"Set","2023-10-02T18:40:00Z",1120,""
"Rise","2023-10-03T06:05:00Z",365,""
"Set","2023-10-03T18:40:00Z",1120,""
"Rise","2023-10-04T06:05:00Z",365,""
"Set","2023-10-04T18:40:00Z",1120,""
"Rise","2023-10-05T06:00:00Z",360,""
"Set","2023-10-05T18:40:00Z",1120,""
"Rise","2023-10-06T06:20:00Z",380,"discard"
"Set","2023-10-06T18:30:00Z",1110,"discard"
"Rise","2023-10-07T06:10:00Z",370,"discard"
"Set","2023-10-07T18:40:00Z",1120,""
"Rise","2023-10-08T06:05:00Z",365,"discard"
"Set","2023-10-08T18:35:00Z",1115,""
"Rise","2023-10-09T06:10:00Z",370,"discard"
"Set","2023-10-09T18:40:00Z",1120,""
"Rise","2023-10-10T06:05:00Z",365,""
"Set","2023-10-10T18:35:00Z",1115,""
"Rise","2023-10-11T06:05:00Z",365,""
"Set","2023-10-11T18:35:00Z",1115,""
"Rise","2023-10-12T06:05:00Z",365,""
"Set","2023-10-12T18:35:00Z",1115,""
"Rise","2023-10-13T06:05:00Z",365,""
"Set","2023-10-13T18:30:00Z",1110,""
"Rise","2023-10-14T06:05:00Z",365,""
"Set","2023-10-14T18:35:00Z",1115,""
"Rise","2023-10-15T06:05:00Z",365,""
"Set","2023-10-15T18:35:00Z",1115,""
"Rise","2023-10-16T06:05:00Z",365,""
"Set","2023-10-16T18:35:00Z",1115,""
"Rise","2023-10-17T06:10:00Z",370,"discard"
"Set","2023-10-17T18:30:00Z",1110,""
"Rise","2023-10-18T06:10:00Z",370,""
"Set","2023-10-18T18:30:00Z",1110,""
"Rise","2023-10-19T06:05:00Z",365,""
"Set","2023-10-19T18:30:00Z",1110,""
"Rise","2023-10-20T06:05:00Z",365,""
"Set","2023-10-20T18:30:00Z",1110,""
"Rise","2023-10-21T06:10:00Z",370,""
"Set","2023-10-21T18:30:00Z",1110,""
"Rise","2023-10-22T06:15:00Z",375,""
"Set","2023-10-22T18:25:00Z",1105,""
"Rise","2023-10-23T06:10:00Z",370,""
"Set","2023-10-23T18:15:00Z",1095,"discard"
"Rise","2023-10-24T06:20:00Z",380,"discard"
"Set","2023-10-24T18:25:00Z",1105,""
"Rise","2023-10-25T06:10:00Z",370,""
"Set","2023-10-25T18:25:00Z",1105,""
"Rise","2023-10-26T06:05:00Z",365,""
"Set","2023-10-26T18:25:00Z",1105,""
"Rise","2023-10-27T06:05:00Z",365,"discard"
"Set","2023-10-27T18:25:00Z",1105,""
"Rise","2023-10-28T06:05:00Z",365,""
"Set","2023-10-28T18:25:00Z",1105,""
"Rise","2023-10-29T06:05:00Z",365,""
"Set","2023-10-29T18:25:00Z",1105,""
"Rise","2023-10-30T06:10:00Z",370,""
"Set","2023-10-30T18:25:00Z",1105,""
"Rise","2023-10-31T06:05:00Z",365,""
"Set","2023-10-31T18:25:00Z",1105,""
"Rise","2023-11-01T06:10:00Z",370,""
"Set","2023-11-01T18:25:00Z",1105,""
"Rise","2023-11-02T06:10:00Z",370,""
"Set","2023-11-02T18:25:00Z",1105,""
"Rise","2023-11-03T06:10:00Z",370,""
"Set","2023-11-03T18:25:00Z",1105,""
"Rise","2023-11-04T06:10:00Z",370,""
"Set","2023-11-04T18:25:00Z",1105,""
"Rise","2023-11-05T06:10:00Z",370,""
"Set","2023-11-05T18:20:00Z",1100,""
"Rise","2023-11-06T06:10:00Z",370,""
"Set","2023-11-06T18:20:00Z",1100,""
"Rise","2023-11-07T06:10:00Z",370,""
"Set","2023-11-07T18:15:00Z",1095,""
"Rise","2023-11-08T06:10:00Z",370,""
"Set","2023-11-08T18:20:00Z",1100,""
"Rise","2023-11-09T06:20:00Z",380,""
"Set","2023-11-09T18:20:00Z",1100,""
"Rise","2023-11-10T06:15:00Z",375,""
"Set","2023-11-10T18:20:00Z",1100,""
"Rise","2023-11-11T06:15:00Z",375,""
"Set","2023-11-11T18:20:00Z",1100,""
"Rise","2023-11-12T06:15:00Z",375,""
"Set","2023-11-12T18:20:00Z",1100,""
"Rise","2023-11-13T06:10:00Z",370,""
"Set","2023-11-13T18:20:00Z",1100,""
"Rise","2023-11-14T06:15:00Z",375,""
"Set","2023-11-14T18:20:00Z",1100,""
"Rise","2023-11-15T06:10:00Z",370,"discard"
"Set","2023-11-15T18:20:00Z",1100,""
"Rise","2023-11-16T06:15:00Z",375,""
"Set","2023-11-16T18:20:00Z",1100,""
"Rise","2023-11-17T06:20:00Z",380,""
"Set","2023-11-17T18:20:00Z",1100,""
"Rise","2023-11-18T06:25:00Z",385,""
"Set","2023-11-18T18:15:00Z",1095,""
"Rise","2023-11-19T06:25:00Z",385,""
"Set","2023-11-19T18:15:00Z",1095,""
"Rise","2023-11-20T06:25:00Z",385,""
"Set","2023-11-20T18:20:00Z",1100,""
"Rise","2023-11-21T06:25:00Z",385,""
"Set","2023-11-21T18:20:00Z",1100,""
"Rise","2023-11-22T06:20:00Z",380,""
"Set","2023-11-22T18:15:00Z",1095,""
"Rise","2023-11-23T06:25:00Z",385,""
"Set","2023-11-23T18:20:00Z",1100,""
"Rise","2023-11-24T06:25:00Z",385,""
"Set","2023-11-24T18:25:00Z",1105,""
"Rise","2023-11-25T06:25:00Z",385,""
"Set","2023-11-25T18:30:00Z",1110,""
"Rise","2023-11-26T06:25:00Z",385,""
"Set","2023-11-26T18:25:00Z",1105,""
"Rise","2023-11-27T06:30:00Z",390,""
"Set","2023-11-27T18:25:00Z",1105,""
"Rise","2023-11-28T06:25:00Z",385,""
"Set","2023-11-28T18:20:00Z",1100,""
"Rise","2023-11-29T06:25:00Z",385,""
"Set","2023-11-29T18:25:00Z",1105,""
"Rise","2023-11-30T06:30:00Z",390,""
"Set","2023-11-30T18:20:00Z",1100,""
"Rise","2023-12-01T06:30:00Z",390,""
"Set","2023-12-01T18:25:00Z",1105,""
"Rise","2023-12-02T06:30:00Z",390,""
"Set","2023-12-02T18:20:00Z",1100,""
"Rise","2023-12-03T06:30:00Z",390,""
"Set","2023-12-03T18:15:00Z",1095,""
"Rise","2023-12-04T06:30:00Z",390,""
"Set","2023-12-04T18:25:00Z",1105,""
"Rise","2023-12-05T06:25:00Z",385,""
"Set","2023-12-05T18:30:00Z",1110,""
"Rise","2023-12-06T06:30:00Z",390,""
"Set","2023-12-06T18:25:00Z",1105,""
"Rise","2023-12-07T06:30:00Z",390,""
"Set","2023-12-07T18:30:00Z",1110,""
"Rise","2023-12-08T06:30:00Z",390,""
"Set","2023-12-08T18:30:00Z",1110,""
"Rise","2023-12-09T06:30:00Z",390,""
"Set","2023-12-09T18:20:00Z",1100,""
"Rise","2023-12-10T06:35:00Z",395,""
"Set","2023-12-10T18:20:00Z",1100,""
"Rise","2023-12-11T06:35:00Z",395,""
"Set","2023-12-11T18:30:00Z",1110,""
"Rise","2023-12-12T06:35:00Z",395,""
"Set","2023-12-12T18:25:00Z",1105,""
"Rise","2023-12-13T06:30:00Z",390,""
"Set","2023-12-13T18:25:00Z",1105,""
"Rise","2023-12-14T06:40:00Z",400,""
"Set","2023-12-14T18:30:00Z",1110,""
"Rise","2023-12-15T06:35:00Z",395,""
"Set","2023-12-15T18:25:00Z",1105,""
"Rise","2023-12-16T06:40:00Z",400,""
"Set","2023-12-16T18:20:00Z",1100,""
"Rise","2023-12-17T06:45:00Z",405,"discard"
"Set","2023-12-17T18:20:00Z",1100,""
"Rise","2023-12-18T06:40:00Z",400,"discard"
"Set","2023-12-18T18:25:00Z",1105,""
"Rise","2023-12-19T06:40:00Z",400,"discard"
"Set","2023-12-19T18:30:00Z",1110,""
"Rise","2023-12-20T06:50:00Z",410,"discard"
"Set","2023-12-20T18:30:00Z",1110,""
"Rise","2023-12-21T06:45:00Z",405,""
"Set","2023-12-21T18:35:00Z",1115,""
"Rise","2023-12-22T06:40:00Z",400,""
"Set","2023-12-22T18:30:00Z",1110,""
"Rise","2023-12-23T06:45:00Z",405,""
"Set","2023-12-23T18:25:00Z",1105,"discard"
"Rise","2023-12-24T06:45:00Z",405,""
"Set","2023-12-24T18:25:00Z",1105,"discard"
"Rise","2023-12-25T06:45:00Z",405,""
"Set","2023-12-25T18:25:00Z",1105,"discard"
"Rise","2023-12-26T06:45:00Z",405,""
"Set","2023-12-26T18:35:00Z",1115,"discard"
"Rise","2023-12-27T06:45:00Z",405,""
"Set","2023-12-27T18:35:00Z",1115,"discard"
"Rise","2023-12-28T06:45:00Z",405,""
"Set","2023-12-28T18:35:00Z",1115,"discard"
"Rise","2023-12-29T06:50:00Z",410,""
"Set","2023-12-29T18:35:00Z",1115,"discard"
"Rise","2023-12-30T06:45:00Z",405,""
"Set","2023-12-30T18:35:00Z",1115,"discard"
"Rise","2023-12-31T06:45:00Z",405,""
"Set","2023-12-31T18:30:00Z",1110,"discard"
"Rise","2024-01-01T06:45:00Z",405,""
"Set","2024-01-01T18:25:00Z",1105,"discard"
"Rise","2024-01-02T06:55:00Z",415,""
"Set","2024-01-02T18:30:00Z",1110,"discard"
"Rise","2024-01-03T06:50:00Z",410,""
"Set","2024-01-03T18:40:00Z",1120,""
"Rise","2024-01-04T06:45:00Z",405,""
"Set","2024-01-04T18:35:00Z",1115,"discard"
"Rise","2024-01-05T07:05:00Z",425,"discard"
"Set","2024-01-05T18:25:00Z",1105,"discard"
"Rise","2024-01-06T07:05:00Z",425,""
"Set","2024-01-06T18:40:00Z",1120,""
"Rise","2024-01-07T06:50:00Z",410,""
"Set","2024-01-07T18:40:00Z",1120,""
"Rise","2024-01-08T06:50:00Z",410,""
"Set","2024-01-08T18:30:00Z",1110,"discard"
"Rise","2024-01-09T06:55:00Z",415,""
"Set","2024-01-09T18:20:00Z",1100,"discard"
"Rise","2024-01-10T06:55:00Z",415,""
"Set","2024-01-10T18:40:00Z",1120,"discard"
"Rise","2024-01-11T06:55:00Z",415,""
"Set","2024-01-11T18:15:00Z",1095,"discard"
"Rise","2024-01-12T06:50:00Z",410,""
"Set","2024-01-12T18:40:00Z",1120,"discard"
"Rise","2024-01-13T06:55:00Z",415,""
"Set","2024-01-13T18:35:00Z",1115,"discard"
"Rise","2024-01-14T06:50:00Z",410,""
"Set","2024-01-14T18:40:00Z",1120,"discard"
"Rise","2024-01-15T06:50:00Z",410,""
"Set","2024-01-15T18:25:00Z",1105,"discard"
"Rise","2024-01-16T06:50:00Z",410,""
"Set","2024-01-16T18:50:00Z",1130,"discard"
"Rise","2024-01-17T06:55:00Z",415,""
"Set","2024-01-17T18:35:00Z",1115,"discard"
"Rise","2024-01-18T06:50:00Z",410,""
"Set","2024-01-18T18:30:00Z",1110,"discard"
"Rise","2024-01-19T06:50:00Z",410,""
"Set","2024-01-19T18:45:00Z",1125,""
"Rise","2024-01-20T06:50:00Z",410,""
"Set","2024-01-20T18:40:00Z",1120,""
"Rise","2024-01-21T06:50:00Z",410,""
"Set","2024-01-21T18:35:00Z",1115,"discard"
"Rise","2024-01-22T06:50:00Z",410,""
"Set","2024-01-22T18:40:00Z",1120,"discard"
"Rise","2024-01-23T06:55:00Z",415,""
"Set","2024-01-23T18:45:00Z",1125,""
"Rise","2024-01-24T06:55:00Z",415,""
"Set","2024-01-24T18:45:00Z",1125,""
"Rise","2024-01-25T06:50:00Z",410,""
"Set","2024-01-25T18:50:00Z",1130,""
"Rise","2024-01-26T06:50:00Z",410,""
"Set","2024-01-26T18:50:00Z",1130,""
"Rise","2024-01-27T06:55:00Z",415,""
"Set","2024-01-27T18:50:00Z",1130,""
"Rise","2024-01-28T06:50:00Z",410,""
"Set","2024-01-28T18:50:00Z",1130,""
"Rise","2024-01-29T06:55:00Z",415,""
"Set","2024-01-29T18:50:00Z",1130,""
"Rise","2024-01-30T06:50:00Z",410,""
"Set","2024-01-30T18:40:00Z",1120,"discard"
"Rise","2024-01-31T06:50:00Z",410,""
"Set","2024-01-31T18:40:00Z",1120,"discard"
"Rise","2024-02-01T06:55:00Z",415,""
"Set","2024-02-01T18:35:00Z",1115,"discard"
"Rise","2024-02-02T06:55:00Z",415,""
"Set","2024-02-02T18:55:00Z",1135,""
"Rise","2024-02-03T06:45:00Z",405,""
"Set","2024-02-03T18:55:00Z",1135,""
"Rise","2024-02-04T06:50:00Z",410,""
"Set","2024-02-04T18:55:00Z",1135,""
"Rise","2024-02-05T06:45:00Z",405,""
"Set","2024-02-05T18:55:00Z",1135,""
"Rise","2024-02-06T06:45:00Z",405,""
"Set","2024-02-06T18:55:00Z",1135,""
"Rise","2024-02-07T06:50:00Z",410,""
"Set","2024-02-07T18:55:00Z",1135,""
"Rise","2024-02-08T06:45:00Z",405,""
"Set","2024-02-08T18:55:00Z",1135,""
"Rise","2024-02-09T06:50:00Z",410,""
"Set","2024-02-09T19:00:00Z",1140,""
"Rise","2024-02-10T06:45:00Z",405,""
"Set","2024-02-10T19:00:00Z",1140,""
"Rise","2024-02-11T06:45:00Z",405,""
"Set","2024-02-11T19:00:00Z",1140,""
"Rise","2024-02-12T06:45:00Z",405,""
"Set","2024-02-12T18:55:00Z",1135,""
"Rise","2024-02-13T06:45:00Z",405,""
"Set","2024-02-13T18:55:00Z",1135,""
"Rise","2024-02-14T06:45:00Z",405,""
"Set","2024-02-14T18:55:00Z",1135,""
"Rise","2024-02-15T06:40:00Z",400,""
"Set","2024-02-15T19:00:00Z",1140,""
"Rise","2024-02-16T06:45:00Z",405,""
"Set","2024-02-16T19:00:00Z",1140,""
"Rise","2024-02-17T06:40:00Z",400,""
"Set","2024-02-17T19:00:00Z",1140,""
"Rise","2024-02-18T06:45:00Z",405,""
"Set","2024-02-18T19:00:00Z",1140,""
"Rise","2024-02-19T06:40:00Z",400,""
"Set","2024-02-19T19:00:00Z",1140,""
"Rise","2024-02-20T06:45:00Z",405,""
"Set","2024-02-20T19:00:00Z",1140,""
"Rise","2024-02-21T06:40:00Z",400,""
"Set","2024-02-21T18:50:00Z",1130,""
"Rise","2024-02-22T06:40:00Z",400,""
"Set","2024-02-22T19:00:00Z",1140,""
"Rise","2024-02-23T06:40:00Z",400,""
"Set","2024-02-23T19:00:00Z",1140,""
"Rise","2024-02-24T06:40:00Z",400,""
"Set","2024-02-24T19:00:00Z",1140,"discard"
"Rise","2024-02-25T06:35:00Z",395,""
"Set","2024-02-25T19:00:00Z",1140,"discard"
"Rise","2024-02-26T06:35:00Z",395,""
"Set","2024-02-26T19:00:00Z",1140,"discard"
"Rise","2024-02-27T06:40:00Z",400,""
"Set","2024-02-27T19:00:00Z",1140,"discard"
"Rise","2024-02-28T06:35:00Z",395,""
"Set","2024-02-28T19:05:00Z",1145,"discard"
"Rise","2024-02-29T06:35:00Z",395,""
"Set","2024-02-29T19:05:00Z",1145,""
"Rise","2024-03-01T06:40:00Z",400,""
"Set","2024-03-01T19:00:00Z",1140,""
"Rise","2024-03-02T06:40:00Z",400,""
"Set","2024-03-02T19:00:00Z",1140,""
"Rise","2024-03-03T06:35:00Z",395,""
"Set","2024-03-03T19:00:00Z",1140,""
"Rise","2024-03-04T06:40:00Z",400,""
"Set","2024-03-04T19:05:00Z",1145,""
"Rise","2024-03-05T06:35:00Z",395,""
"Set","2024-03-05T19:05:00Z",1145,""
"Rise","2024-03-06T06:35:00Z",395,""
"Set","2024-03-06T19:05:00Z",1145,""
"Rise","2024-03-07T06:35:00Z",395,""
"Set","2024-03-07T19:05:00Z",1145,""
"Rise","2024-03-08T06:40:00Z",400,""
"Set","2024-03-08T18:55:00Z",1135,""
"Rise","2024-03-09T06:20:00Z",380,""
"Set","2024-03-09T18:35:00Z",1115,""
"Rise","2024-03-10T05:50:00Z",350,""
"Set","2024-03-10T17:35:00Z",1055,""
"Rise","2024-03-11T05:45:00Z",345,""
"Set","2024-03-11T17:45:00Z",1065,""
"Rise","2024-03-12T05:40:00Z",340,""
"Set","2024-03-12T17:50:00Z",1070,""
"Rise","2024-03-13T05:30:00Z",330,""
"Set","2024-03-13T17:50:00Z",1070,""
"Rise","2024-03-14T05:30:00Z",330,""
"Set","2024-03-14T18:00:00Z",1080,""
"Rise","2024-03-15T05:30:00Z",330,""
"Set","2024-03-15T17:45:00Z",1065,""
"Rise","2024-03-16T05:30:00Z",330,""
"Set","2024-03-16T17:45:00Z",1065,""
"Rise","2024-03-17T05:35:00Z",335,""
"Set","2024-03-17T17:40:00Z",1060,""
"Rise","2024-03-18T05:35:00Z",335,""
"Set","2024-03-18T17:40:00Z",1060,""
"Rise","2024-03-19T05:30:00Z",330,""
"Set","2024-03-19T17:35:00Z",1055,""
"Rise","2024-03-20T05:30:00Z",330,""
"Set","2024-03-20T17:50:00Z",1070,""
"Rise","2024-03-21T05:15:00Z",315,""
"Set","2024-03-21T18:25:00Z",1105,""
"Rise","2024-03-22T05:40:00Z",340,""
"Set","2024-03-22T18:20:00Z",1100,""
"Rise","2024-03-23T05:35:00Z",335,""
"Set","2024-03-23T18:15:00Z",1095,""
"Rise","2024-03-24T05:25:00Z",325,"discard"
"Set","2024-03-24T18:10:00Z",1090,""
"Rise","2024-03-25T05:35:00Z",335,""
"Set","2024-03-25T18:05:00Z",1085,""
"Rise","2024-03-26T05:45:00Z",345,"discard"
"Set","2024-03-26T18:20:00Z",1100,""
"Rise","2024-03-27T05:30:00Z",330,""
"Set","2024-03-27T18:10:00Z",1090,""
"Rise","2024-03-28T05:25:00Z",325,"discard"
"Set","2024-03-28T18:25:00Z",1105,""
"Rise","2024-03-29T05:40:00Z",340,"discard"
"Set","2024-03-29T18:10:00Z",1090,""
"Rise","2024-03-30T05:00:00Z",300,""
"Set","2024-03-30T18:15:00Z",1095,""
"Rise","2024-03-31T05:20:00Z",320,"discard"
"Set","2024-03-31T17:50:00Z",1070,""
"Rise","2024-04-01T04:45:00Z",285,""
"Set","2024-04-01T17:50:00Z",1070,"discard"
"Rise","2024-04-02T04:20:00Z",260,""
"Set","2024-04-02T17:50:00Z",1070,""
"Rise","2024-04-03T04:25:00Z",265,""
"Set","2024-04-03T17:45:00Z",1065,""
"Rise","2024-04-04T04:10:00Z",250,""
"Set","2024-04-04T17:50:00Z",1070,""
"Rise","2024-04-05T04:15:00Z",255,""
"Set","2024-04-05T17:30:00Z",1050,"discard"
"Rise","2024-04-06T04:10:00Z",250,""
"Set","2024-04-06T18:00:00Z",1080,""
"Rise","2024-04-07T04:10:00Z",250,""
"Set","2024-04-07T18:05:00Z",1085,""
"Rise","2024-04-08T04:00:00Z",240,""
"Set","2024-04-08T17:50:00Z",1070,""
"Rise","2024-04-09T04:05:00Z",245,""
"Set","2024-04-09T18:10:00Z",1090,""
"Rise","2024-04-10T04:10:00Z",250,""
"Set","2024-04-10T18:15:00Z",1095,""
"Rise","2024-04-11T03:50:00Z",230,""
"Set","2024-04-11T18:00:00Z",1080,""
"Rise","2024-04-12T03:50:00Z",230,""
"Set","2024-04-12T17:40:00Z",1060,"discard"
"Rise","2024-04-13T03:55:00Z",235,""
"Set","2024-04-13T18:20:00Z",1100,""
"Rise","2024-04-14T03:45:00Z",225,""
"Set","2024-04-14T18:20:00Z",1100,""
"Rise","2024-04-15T03:40:00Z",220,""
"Set","2024-04-15T17:20:00Z",1040,"discard"
"Rise","2024-04-16T03:35:00Z",215,""
"Set","2024-04-16T18:10:00Z",1090,""
"Rise","2024-04-17T03:40:00Z",220,""
"Set","2024-04-17T18:15:00Z",1095,""
"Rise","2024-04-18T03:40:00Z",220,""
"Set","2024-04-18T18:10:00Z",1090,""
"Rise","2024-04-19T03:45:00Z",225,""
"Set","2024-04-19T18:05:00Z",1085,""
"Rise","2024-04-20T04:10:00Z",250,"discard"
"Set","2024-04-20T18:35:00Z",1115,""
"Rise","2024-04-21T03:25:00Z",205,""
"Set","2024-04-21T18:40:00Z",1120,""
"Rise","2024-04-22T03:35:00Z",215,""
"Set","2024-04-22T18:15:00Z",1095,"discard"
"Rise","2024-04-23T03:25:00Z",205,""
"Set","2024-04-23T18:40:00Z",1120,""
"Rise","2024-04-24T03:30:00Z",210,""
"Set","2024-04-24T18:35:00Z",1115,""
"Rise","2024-04-25T03:25:00Z",205,""
"Set","2024-04-25T18:30:00Z",1110,""
"Rise","2024-04-26T03:15:00Z",195,""
"Set","2024-04-26T18:40:00Z",1120,""
"Rise","2024-04-27T03:20:00Z",200,""
"Set","2024-04-27T18:20:00Z",1100,""
"Rise","2024-04-28T03:25:00Z",205,""
"Set","2024-04-28T18:10:00Z",1090,""
"Rise","2024-04-29T04:10:00Z",250,"discard"
"Set","2024-04-29T18:15:00Z",1095,""
"Rise","2024-04-30T03:25:00Z",205,""
"Set","2024-04-30T17:55:00Z",1075,""
"Rise","2024-05-01T03:20:00Z",200,""
"Set","2024-05-01T18:05:00Z",1085,""
"Rise","2024-05-02T03:15:00Z",195,""
"Set","2024-05-02T18:20:00Z",1100,""
"Rise","2024-05-03T03:35:00Z",215,""
"Set","2024-05-03T18:20:00Z",1100,""
"Rise","2024-05-04T03:35:00Z",215,""
"Set","2024-05-04T18:40:00Z",1120,""
"Rise","2024-05-05T04:00:00Z",240,"discard"
"Set","2024-05-05T18:40:00Z",1120,""
"Rise","2024-05-06T03:00:00Z",180,""
"Set","2024-05-06T19:00:00Z",1140,""
"Rise","2024-05-07T04:15:00Z",255,"discard"
"Set","2024-05-07T19:00:00Z",1140,""
"Rise","2024-05-08T03:00:00Z",180,""
"Set","2024-05-08T18:50:00Z",1130,""
"Rise","2024-05-09T03:05:00Z",185,""
"Set","2024-05-09T18:25:00Z",1105,"discard"
"Rise","2024-05-10T03:15:00Z",195,""
"Set","2024-05-10T19:00:00Z",1140,"discard"
"Rise","2024-05-11T03:00:00Z",180,""
"Set","2024-05-11T18:40:00Z",1120,""
"Rise","2024-05-12T02:50:00Z",170,""
"Set","2024-05-12T18:40:00Z",1120,""
"Rise","2024-05-13T02:50:00Z",170,""
"Set","2024-05-13T19:00:00Z",1140,""
